Neighborhood,Lat,Lng
Mirijevo,44.785405,20.546155
Centar,44.816088,20.459962
Beograd na vodi,44.804883,20.448043
Dorćol,44.825216,20.460523
Kalenić pijaca,44.800175,20.475769
Lekino brdo, 44.789194,20.494769
Dedinje,44.774069,20.45602
Banovo brdo,44.776773,20.415563
Crveni krst,44.795856,20.488229
Karaburma,44.817266,20.509558
Hram svetog Save,44.798056,20.469167
Braće Jerković,44.770554,20.494311
Borča,44.877978,20.430698
Autokomanda,44.790272,20.46634
Južni bulevar,44.793588,20.480959
Višnjička Banja,44.82226,20.534591
Lion,44.796815,20.496036
Đeram pijaca,44.801333,20.487227
Vukov Spomenik,44.804641,20.483273
Cvetkova pijaca,44.792949,20.503781
Čubura,44.795477,20.477313
Miljakovac,44.747072,20.451807
Gornji grad,44.859645,20.37673
Blok 63,44.805903,20.382385
Altina,44.855914,20.35403
Slavija,44.802408,20.466349
Zemun polje,44.87135,20.322981
Bulevar kralja Aleksandra,44.78825,20.51674
Krunska,44.805264,20.470267
Batajnica,44.906132,20.274816
Ledine,44.803525,20.343256
Cvetni trg,44.805627,20.465389
Učiteljsko naselje,44.787544,20.506828
Banjica,44.762106,20.468334
Kluz,44.866667,20.466667
Kalemegdan,44.823183,20.450479
Kanarevo brdo,44.754012,20.453446
Krnjača,44.847557,20.518594
Žarkovo,44.761535,20.413063
Save Kovačevića,44.793881,20.527557
Lipov lad,44.795369,20.494069
Konjarnik,44.78272,20.506765
Hotel Jugoslavija,44.829545,20.420148
Blok 70 (kineski tržni centar),44.802788,20.391818
Skupština,44.811585,20.465826
Bežanijska kosa 2,44.818902,20.385875
Senjak,44.792182,20.437546
Skadarlija,44.817779,20.464723
Blok 62,44.80397,20.376525
Blok 67a (A blok),44.80607,20.40099
Stari Merkator,44.828002,20.412512
Zvezdarska šuma,44.800854,20.513241
Vidikovac,44.7384,20.420589
Arena,44.814034,20.421434
Gradska bolnica,44.799979,20.49944
Fontana,44.823882,20.399651
Blok 45 (TC Enjub),44.798498,20.37421
Tašmajdan,44.809007,20.470584
Voždovačka crkva,44.776182,20.477074
Labudovo brdo,44.728185,20.423587
Petlovo brdo,44.722019,20.424295
Vojvode Stepe,44.76098,20.484824
Blok 61,44.803386,20.369901
Cerak vinogradi,44.745339,20.422222
Golf,44.773052,20.419554
Blok 60,44.814979,20.38559
Blok 21,44.814505,20.430387
Neimar,44.794516,20.469508
Cerak,44.752087,20.418407
Botanička bašta,44.815867,20.473442
Blok 67 (Belvil),44.805429,20.407693
Bežanijska kosa 1,44.822075,20.388249
Politika,44.81578,20.464739
Profesorska kolonija, 44.814875,20.480282
Medaković 2,44.77711,20.499609
Kaluđerica,44.752769,20.557
Knez Mihailova,44.816802,20.458137
FON - Bilećka,44.772658,20.475228
Denkova bašta,44.788031,20.500989
Pravni fakultet,44.80729,20.472733
SC Vračar,44.799545,20.483588
Kumodraž,44.739433,20.509813
Cvetanova ćuprija,44.767475,20.513965
Humska,44.789771,20.459346
Dr Ivana Ribara,44.800215,20.36927
Gundulićev venac,44.820057,20.469415
Blok 28,44.812863,20.413225
Blok 65 (West 65),44.812434,20.401048
Hadžipopovac,44.811881,20.483363
Kotež,44.850711,20.469799
Medaković 3,44.772289,20.507449
Obilićev venac,44.816242,20.457171
Resnik,44.710842,20.458374
Trošarina,44.761231,20.482728
Vojvode Vlahovića,44.759897,20.506796
Donji grad,44.841448,20.41236
Filmski grad,44.753244,20.431647
Blok 29,44.81576,20.417153
Blok 38,44.818075,20.40471
Šumice,44.785627,20.491217
Višnjica,44.828229,20.547942
Blok 64,44.808996,20.391762
Blok 30 (B92),44.818946,20.419525
Bele vode,44.750155,20.402828
Cvijićeva,44.81231,20.478413
Palata pravde,44.805224,20.454531
Paviljoni,44.833352,20.406083
Blok 33,44.820586,20.407463
Blok 23,44.808424,20.424086
Bežanijska kosa 3,44.820004,20.379623
Novi grad,44.841843,20.367881
Surčin (mesto),44.791006,20.262597
Trg Republike,44.816088,20.459962
Terazije,44.812471,20.460761
Naselje Stepa Stepanović,44.75355,20.49656
Saobraćajni fakultet,44.765788,20.483165
Bulevar oslobođenja,44.755819,20.483123
Padinska skela,44.98329,20.438102
Olimp,44.794102,20.509617
Meandri,44.848106,20.386309
Studentski trg,44.820017,20.458111
Bajlonijeva pijaca,44.818412,20.467559
Blok 22,44.811609,20.426458
Blok 34 (Carina - Studentski grad),44.823481,20.401649
Čukarička padina,44.779183,20.405858
Blok 44 (TC Piramida),44.801907,20.386548
Dušanovac,44.781772,20.482097
Vidikovačka padina,44.77793,20.478028
Lisičji potok,44.76346,20.45784
Prvomajska,44.841092,20.391926
Dom omladine,44.815475,20.462689
Klinički centar,44.800165,20.45954
Blok 19a,44.806203,20.429515
Blok 70a,44.800409,20.402188
Kneževac,44.731847,20.429849
Kalvarija,44.83816,20.397513
Galenika,44.857083,20.367294
Stari Košutnjak,44.757059,20.445795
Svetozara Markovića,44.804714,20.465177
Veliki Mokri Lug,44.757433,20.525431
Železnik,44.728593,20.374939
Topličin venac,44.816371,20.454884
Sarajevska,44.802937,20.454187
Hotel M,44.76821,20.476291
Blok 37,44.820294,20.399278
Atelje 212,44.814071,20.46807
Kosančićev venac,44.816336,20.453012
Medaković padina,44.768259,20.507502
Trg Nikole Pašića,44.811822,20.46384
Mali Mokri Lug,44.774444,20.53607
Poštanska štedionica,44.805086,20.377631
Kumodraška,44.77847,20.480109
Jajinci,44.742287,20.483895
Beograđanka,44.807138,20.464117
Cara Dušana,44.822642,20.461454
Karađorđev trg,44.837006,20.417451
Skojevsko naselje,44.74881,20.432764
Tošin bunar,44.838773,20.403154
Ugrinovačka,44.846359,20.399631
Severni bulevar,44.809862,20.493538
Kopitareva gradina,44.816185,20.468407
Gospodara Vučića,44.791833,20.48736
Dimitrija Tucovića,44.801971,20.491428
Bulbulder,44.802898,20.492606
Bogoslovija,44.815159,20.488473
Beogradska,44.805613,20.4698
Ekonomski fakultet,44.811858,20.454932
Kneza Miloša,44.80833,20.46356
Zeleni venac,44.812038,20.458223
Zeleno brdo,44.79004,20.519333
Sremčica,44.67598,20.391914
Savski trg - Pristanište,44.808275,20.45653
Nemanjina,44.805658,20.460266
Jove Ilića,44.776253,20.473902
Blok 24 (Super Vero),44.810024,20.417517
Blok 9a,44.831886,20.414987
Blok 4 (Politehnička akademija),44.826402,20.401387
Bulevar despota Stefana,44.817174,20.477714
Karađorđeva,44.813481,20.452235
Karađorđev park,44.795603,20.466112
Lazarevac (mesto),44.379487,20.263894
Savamala,44.811314,20.45724
Retenzija,44.834879,20.411901
Pregrevica,44.854754,20.391532
Opština,44.823004,20.413435
Palilulska pijaca,44.811926,20.47159
Medaković 1,44.775777,20.505115
Maksima Gorkog,44.796133,20.477428
Mladenovac (mesto),44.436436,20.693852
Farmaceutski fakultet,44.747103,20.49432
Hala Pionir,44.814766,20.485452
Barajevo (mesto),44.603492,20.45241
27. marta,44.81132,20.473858
Dalmatinska,44.81129,20.477898
Rospi ćuprija,44.815322,20.523183
Ruzveltova,44.806891,20.480323
Vranić,44.592632,20.30357
YUBC,44.798753,20.394729
Vitanovačka,44.778845,20.483104
Stara Bežanija,44.807249,20.371885
Slavujev venac,44.806764,20.484859
Rudo,44.79506,20.450595
Sava centar,44.80851,20.431998
Darvinova pošta,44.771663,20.483067
Kej,44.838821,20.41848
Bioskop Voždovac,44.782238,20.471745
Blok 2,44.827899,20.409988
25. maj,44.790889,20.45348
Borča Greda,44.881127,20.454617
Julino brdo,44.767609,20.409627
Kralja Petra,44.820171,20.455486
Francuska,44.817671,20.462575
Resavska,44.804812,20.46222
Obrenovac (mesto),44.662459,20.203134
Plavi horizonti,44.853193,20.336079
Vojislava Ilića,44.786364,20.500327
Zvezdarska padina,44.804685,20.512797
Takovska,44.813286,20.472144
Novi Merkator,44.820833,20.414167
London,44.807982,20.462949
Gradić Pejton,44.796212,20.475304
Brankova,44.815051,20.453911
Ćukovac,44.845697,20.405777
Blok 3,44.825317,20.404785
Blok 43,44.805238,20.421713
Grocka (mesto),44.66763,20.726945
Lešće,44.810274,20.546908
Marija Bursać,44.833772,20.391668
Prokop,44.793605,20.45333
Sunčana padina,44.769439,20.506369
VMA,44.764406,20.467492
Zaplanjska,44.773916,20.492239
Vinča,44.768116,20.604
Topčider,44.78063,20.446751
Repište,44.761535,20.413063
Novo Skojevsko naselje,44.74881,20.432764
Kraljice Natalije,44.8106,20.459729
Andrićev venac,44.809755,20.463919
Baćevac,44.584258,20.37471
Balkanska,44.80993,20.45929
Bački Ilovik,44.847137,20.378504
Boleč,44.731282,20.603947
Ćalije,44.806834,20.516829
Kovilovo,44.91002,20.429577
Kralja Milana,44.80677,20.464342
Dunavski kej,44.829657,20.457816
Gardoš,44.848886,20.40815
Dobanovci,44.827599,20.222852
Novo groblje,44.81018,20.486101
Muhar,44.847243,20.405598
Meljak,44.624405,20.371448
Leštane,44.730684,20.575564
Rvati,44.658338,20.188681
Sajam,44.795902,20.436353
Rušanj,44.677341,20.443985
Sutjeska,44.760276,20.537495
Železnička kolonija,44.897575,20.27579
Vodovodska,44.760944,20.407889
Zemun Bačka,44.848333,20.379669
Zvezdara 2,44.809139,20.50154
Višegradska,44.801118,20.455021
Ugrinovci,44.863766,20.193618
Ušće,44.81769,20.437162
Ustanička,44.786062,20.481162
Siva stena,44.776536,20.488022
Marinkova bara, 44.779641,20.497374
Mašinski fakultet,44.806849,20.47733
Makiš,44.769034,20.362957
Mostarska petlja,44.798613,20.448786
Nenadovac,44.621174,20.447972
Novi Železnik, 44.732139,20.380188
Draževac,44.575291,20.231184
Depo,44.802471,20.481541
Gavrila Principa, 44.811736,20.456167
Guncati,44.609631,20.393568
Hotel Hyatt,44.81306,20.434013
Košutnjak,44.76461,20.436546
Jakovo,44.755775,20.255191
Beli potok,44.710413,20.525257
